well_id,depth,formation,event_type,severity,description,cause,mitigation,outcome
W001,3374.8,Formation-D,STUCK_PIPE,HIGH,Drill string experienced elevated resistance and became temporarily stuck.,Increasing torque and declining rate of penetration in a mechanically unstable interval.,"Circulation, controlled WOB reduction, and reciprocation of the drill string.",Drilling resumed after controlled freeing operation.
W001,1133.4,Formation-B,HIGH_TORQUE,MEDIUM,Torque increased significantly while drilling through the interval.,Increased formation resistance and poor hole-cleaning conditions.,Adjusted WOB/RPM and improved circulation parameters.,Torque returned toward the normal operating range.
W002,1782.1,Formation-B,HIGH_TORQUE,MEDIUM,Torque increased significantly while drilling through the interval.,Increased formation resistance and poor hole-cleaning conditions.,Adjusted WOB/RPM and improved circulation parameters.,Torque returned toward the normal operating range.
W002,2904.0,Formation-D,MUD_LOSS,HIGH,Mud volume loss was observed during drilling.,Losses into a permeable or fractured formation interval.,Reduced pump rate and applied controlled lost-circulation treatment.,Mud losses stabilized and drilling continued.
W003,1894.3,Formation-C,HIGH_TORQUE,MEDIUM,Torque increased significantly while drilling through the interval.,Increased formation resistance and poor hole-cleaning conditions.,Adjusted WOB/RPM and improved circulation parameters.,Torque returned toward the normal operating range.
W003,2675.1,Formation-D,MUD_LOSS,HIGH,Mud volume loss was observed during drilling.,Losses into a permeable or fractured formation interval.,Reduced pump rate and applied controlled lost-circulation treatment.,Mud losses stabilized and drilling continued.
W004,4222.2,Formation-D,STUCK_PIPE,HIGH,Drill string experienced elevated resistance and became temporarily stuck.,Increasing torque and declining rate of penetration in a mechanically unstable interval.,"Circulation, controlled WOB reduction, and reciprocation of the drill string.",Drilling resumed after controlled freeing operation.
W004,1544.4,Formation-B,HIGH_TORQUE,MEDIUM,Torque increased significantly while drilling through the interval.,Increased formation resistance and poor hole-cleaning conditions.,Adjusted WOB/RPM and improved circulation parameters.,Torque returned toward the normal operating range.
W005,4124.0,Formation-D,STUCK_PIPE,HIGH,Drill string experienced elevated resistance and became temporarily stuck.,Increasing torque and declining rate of penetration in a mechanically unstable interval.,"Circulation, controlled WOB reduction, and reciprocation of the drill string.",Drilling resumed after controlled freeing operation.
W005,1089.3,Formation-A,HIGH_TORQUE,MEDIUM,Torque increased significantly while drilling through the interval.,Increased formation resistance and poor hole-cleaning conditions.,Adjusted WOB/RPM and improved circulation parameters.,Torque returned toward the normal operating range.
W006,1582.4,Formation-C,STUCK_PIPE,HIGH,Drill string experienced elevated resistance and became temporarily stuck.,Increasing torque and declining rate of penetration in a mechanically unstable interval.,"Circulation, controlled WOB reduction, and reciprocation of the drill string.",Drilling resumed after controlled freeing operation.
W006,1227.2,Formation-C,MUD_LOSS,HIGH,Mud volume loss was observed during drilling.,Losses into a permeable or fractured formation interval.,Reduced pump rate and applied controlled lost-circulation treatment.,Mud losses stabilized and drilling continued.
W007,1224.2,Formation-B,STUCK_PIPE,HIGH,Drill string experienced elevated resistance and became temporarily stuck.,Increasing torque and declining rate of penetration in a mechanically unstable interval.,"Circulation, controlled WOB reduction, and reciprocation of the drill string.",Drilling resumed after controlled freeing operation.
W007,2563.0,Formation-C,HIGH_TORQUE,MEDIUM,Torque increased significantly while drilling through the interval.,Increased formation resistance and poor hole-cleaning conditions.,Adjusted WOB/RPM and improved circulation parameters.,Torque returned toward the normal operating range.
W008,4052.3,Formation-E,STUCK_PIPE,HIGH,Drill string experienced elevated resistance and became temporarily stuck.,Increasing torque and declining rate of penetration in a mechanically unstable interval.,"Circulation, controlled WOB reduction, and reciprocation of the drill string.",Drilling resumed after controlled freeing operation.
W008,3999.3,Formation-E,MUD_LOSS,HIGH,Mud volume loss was observed during drilling.,Losses into a permeable or fractured formation interval.,Reduced pump rate and applied controlled lost-circulation treatment.,Mud losses stabilized and drilling continued.
W009,2739.2,Formation-C,HIGH_TORQUE,MEDIUM,Torque increased significantly while drilling through the interval.,Increased formation resistance and poor hole-cleaning conditions.,Adjusted WOB/RPM and improved circulation parameters.,Torque returned toward the normal operating range.
W009,1973.2,Formation-B,MUD_LOSS,HIGH,Mud volume loss was observed during drilling.,Losses into a permeable or fractured formation interval.,Reduced pump rate and applied controlled lost-circulation treatment.,Mud losses stabilized and drilling continued.
W010,2325.5,Formation-C,STUCK_PIPE,HIGH,Drill string experienced elevated resistance and became temporarily stuck.,Increasing torque and declining rate of penetration in a mechanically unstable interval.,"Circulation, controlled WOB reduction, and reciprocation of the drill string.",Drilling resumed after controlled freeing operation.
W010,2271.8,Formation-C,MUD_LOSS,HIGH,Mud volume loss was observed during drilling.,Losses into a permeable or fractured formation interval.,Reduced pump rate and applied controlled lost-circulation treatment.,Mud losses stabilized and drilling continued.
W011,3054.0,Formation-D,HIGH_TORQUE,MEDIUM,Torque increased significantly while drilling through the interval.,Increased formation resistance and poor hole-cleaning conditions.,Adjusted WOB/RPM and improved circulation parameters.,Torque returned toward the normal operating range.
W011,2242.3,Formation-C,MUD_LOSS,HIGH,Mud volume loss was observed during drilling.,Losses into a permeable or fractured formation interval.,Reduced pump rate and applied controlled lost-circulation treatment.,Mud losses stabilized and drilling continued.
W012,2421.0,Formation-C,STUCK_PIPE,HIGH,Drill string experienced elevated resistance and became temporarily stuck.,Increasing torque and declining rate of penetration in a mechanically unstable interval.,"Circulation, controlled WOB reduction, and reciprocation of the drill string.",Drilling resumed after controlled freeing operation.
W012,963.7,Formation-B,HIGH_TORQUE,MEDIUM,Torque increased significantly while drilling through the interval.,Increased formation resistance and poor hole-cleaning conditions.,Adjusted WOB/RPM and improved circulation parameters.,Torque returned toward the normal operating range.
W013,2336.2,Formation-D,HIGH_TORQUE,MEDIUM,Torque increased significantly while drilling through the interval.,Increased formation resistance and poor hole-cleaning conditions.,Adjusted WOB/RPM and improved circulation parameters.,Torque returned toward the normal operating range.
W013,2757.3,Formation-D,MUD_LOSS,HIGH,Mud volume loss was observed during drilling.,Losses into a permeable or fractured formation interval.,Reduced pump rate and applied controlled lost-circulation treatment.,Mud losses stabilized and drilling continued.
W014,2270.2,Formation-C,MUD_LOSS,HIGH,Mud volume loss was observed during drilling.,Losses into a permeable or fractured formation interval.,Reduced pump rate and applied controlled lost-circulation treatment.,Mud losses stabilized and drilling continued.
W014,1848.7,Formation-C,STUCK_PIPE,HIGH,Drill string experienced elevated resistance and became temporarily stuck.,Increasing torque and declining rate of penetration in a mechanically unstable interval.,"Circulation, controlled WOB reduction, and reciprocation of the drill string.",Drilling resumed after controlled freeing operation.
W015,1936.6,Formation-C,HIGH_TORQUE,MEDIUM,Torque increased significantly while drilling through the interval.,Increased formation resistance and poor hole-cleaning conditions.,Adjusted WOB/RPM and improved circulation parameters.,Torque returned toward the normal operating range.
W015,1339.6,Formation-C,MUD_LOSS,HIGH,Mud volume loss was observed during drilling.,Losses into a permeable or fractured formation interval.,Reduced pump rate and applied controlled lost-circulation treatment.,Mud losses stabilized and drilling continued.
W015,2925.5,Formation-E,STUCK_PIPE,HIGH,Drill string experienced elevated resistance and became temporarily stuck.,Increasing torque and declining rate of penetration in a mechanically unstable interval.,"Circulation, controlled WOB reduction, and reciprocation of the drill string.",Drilling resumed after controlled freeing operation.
W016,1877.2,Formation-C,HIGH_TORQUE,MEDIUM,Torque increased significantly while drilling through the interval.,Increased formation resistance and poor hole-cleaning conditions.,Adjusted WOB/RPM and improved circulation parameters.,Torque returned toward the normal operating range.
W016,2620.1,Formation-E,STUCK_PIPE,HIGH,Drill string experienced elevated resistance and became temporarily stuck.,Increasing torque and declining rate of penetration in a mechanically unstable interval.,"Circulation, controlled WOB reduction, and reciprocation of the drill string.",Drilling resumed after controlled freeing operation.
W016,2819.5,Formation-E,MUD_LOSS,HIGH,Mud volume loss was observed during drilling.,Losses into a permeable or fractured formation interval.,Reduced pump rate and applied controlled lost-circulation treatment.,Mud losses stabilized and drilling continued.
W017,3637.6,Formation-D,HIGH_TORQUE,MEDIUM,Torque increased significantly while drilling through the interval.,Increased formation resistance and poor hole-cleaning conditions.,Adjusted WOB/RPM and improved circulation parameters.,Torque returned toward the normal operating range.
W017,2582.2,Formation-C,MUD_LOSS,HIGH,Mud volume loss was observed during drilling.,Losses into a permeable or fractured formation interval.,Reduced pump rate and applied controlled lost-circulation treatment.,Mud losses stabilized and drilling continued.
W018,2015.3,Formation-B,STUCK_PIPE,HIGH,Drill string experienced elevated resistance and became temporarily stuck.,Increasing torque and declining rate of penetration in a mechanically unstable interval.,"Circulation, controlled WOB reduction, and reciprocation of the drill string.",Drilling resumed after controlled freeing operation.
W018,2987.4,Formation-C,MUD_LOSS,HIGH,Mud volume loss was observed during drilling.,Losses into a permeable or fractured formation interval.,Reduced pump rate and applied controlled lost-circulation treatment.,Mud losses stabilized and drilling continued.
W019,2162.8,Formation-C,MUD_LOSS,HIGH,Mud volume loss was observed during drilling.,Losses into a permeable or fractured formation interval.,Reduced pump rate and applied controlled lost-circulation treatment.,Mud losses stabilized and drilling continued.
W019,1112.6,Formation-B,STUCK_PIPE,HIGH,Drill string experienced elevated resistance and became temporarily stuck.,Increasing torque and declining rate of penetration in a mechanically unstable interval.,"Circulation, controlled WOB reduction, and reciprocation of the drill string.",Drilling resumed after controlled freeing operation.
W020,3639.7,Formation-D,STUCK_PIPE,HIGH,Drill string experienced elevated resistance and became temporarily stuck.,Increasing torque and declining rate of penetration in a mechanically unstable interval.,"Circulation, controlled WOB reduction, and reciprocation of the drill string.",Drilling resumed after controlled freeing operation.
W020,3526.0,Formation-D,MUD_LOSS,HIGH,Mud volume loss was observed during drilling.,Losses into a permeable or fractured formation interval.,Reduced pump rate and applied controlled lost-circulation treatment.,Mud losses stabilized and drilling continued.
W020,3662.5,Formation-D,HIGH_TORQUE,MEDIUM,Torque increased significantly while drilling through the interval.,Increased formation resistance and poor hole-cleaning conditions.,Adjusted WOB/RPM and improved circulation parameters.,Torque returned toward the normal operating range.
