well_id,formation_name,top_depth,bottom_depth,lithology,pressure,temperature
W001,Formation-A,0.0,1032.8,Shale,36.34,42.63
W001,Formation-B,1028.9,2075.2,Limestone,44.02,57.77
W001,Formation-C,2082.2,3109.8,Dolomite,56.26,77.85
W001,Formation-D,3109.6,4130.0,Siltstone,63.3,97.12
W002,Formation-A,0.0,888.7,Limestone,35.04,38.0
W002,Formation-B,893.1,1804.7,Dolomite,38.03,55.72
W002,Formation-C,1780.9,2672.8,Siltstone,51.62,68.94
W002,Formation-D,2680.9,3584.8,Sandstone,56.58,89.15
W002,Formation-E,3602.9,4480.0,Shale,66.04,95.14
W003,Formation-A,0.0,799.0,Dolomite,34.91,44.97
W003,Formation-B,799.6,1626.1,Siltstone,41.44,52.55
W003,Formation-C,1620.8,2452.1,Sandstone,51.13,67.94
W003,Formation-D,2442.0,3270.0,Shale,58.6,75.38
W004,Formation-A,0.0,1106.1,Siltstone,36.41,45.57
W004,Formation-B,1110.0,2226.6,Sandstone,50.34,64.47
W004,Formation-C,2225.7,3368.0,Shale,57.93,77.59
W004,Formation-D,3354.5,4490.0,Limestone,67.41,99.85
W005,Formation-A,0.0,1207.0,Sandstone,39.89,40.83
W005,Formation-B,1235.2,2447.2,Shale,45.59,66.16
W005,Formation-C,2428.7,3683.4,Limestone,59.83,88.96
W005,Formation-D,3661.1,4890.0,Dolomite,70.61,108.02
W006,Formation-A,0.0,609.7,Shale,33.64,36.91
W006,Formation-B,584.4,1192.1,Limestone,38.48,40.62
W006,Formation-C,1215.7,1818.1,Dolomite,44.92,52.04
W006,Formation-D,1801.5,2409.0,Siltstone,50.02,68.76
W006,Formation-E,2430.0,3020.0,Sandstone,51.93,75.78
W007,Formation-A,0.0,932.3,Limestone,35.77,40.87
W007,Formation-B,958.2,1890.2,Dolomite,44.09,60.49
W007,Formation-C,1888.1,2827.2,Siltstone,53.28,69.49
W007,Formation-D,2818.7,3770.0,Sandstone,57.9,89.54
W008,Formation-A,0.0,906.6,Dolomite,35.46,41.63
W008,Formation-B,908.7,1798.5,Siltstone,42.38,56.91
W008,Formation-C,1775.4,2684.0,Sandstone,48.96,68.09
W008,Formation-D,2672.3,3577.4,Shale,59.67,90.1
W008,Formation-E,3543.9,4450.0,Limestone,67.94,99.8
W009,Formation-A,0.0,1230.6,Siltstone,35.7,42.11
W009,Formation-B,1234.9,2457.4,Sandstone,49.92,77.33
W009,Formation-C,2456.9,3673.5,Shale,61.13,88.4
W009,Formation-D,3683.1,4890.0,Limestone,68.02,106.42
W010,Formation-A,0.0,1123.6,Sandstone,33.97,44.17
W010,Formation-B,1128.6,2231.2,Shale,45.18,60.93
W010,Formation-C,2250.9,3385.8,Limestone,57.88,77.75
W010,Formation-D,3358.4,4500.0,Dolomite,71.03,106.03
W011,Formation-A,0.0,881.5,Shale,31.44,39.54
W011,Formation-B,874.3,1715.8,Limestone,41.0,52.82
W011,Formation-C,1706.0,2606.0,Dolomite,51.16,70.9
W011,Formation-D,2583.9,3450.0,Siltstone,56.38,80.69
W012,Formation-A,0.0,953.9,Limestone,36.86,45.17
W012,Formation-B,952.0,1891.8,Dolomite,42.62,52.32
W012,Formation-C,1905.3,2823.1,Siltstone,51.52,77.61
W012,Formation-D,2826.4,3790.0,Sandstone,57.63,88.11
W013,Formation-A,0.0,757.1,Dolomite,33.56,37.26
W013,Formation-B,747.5,1510.0,Siltstone,43.16,49.7
W013,Formation-C,1511.3,2244.0,Sandstone,47.47,60.35
W013,Formation-D,2238.6,3010.0,Shale,53.81,77.16
W014,Formation-A,0.0,908.3,Siltstone,37.09,39.65
W014,Formation-B,905.4,1838.4,Sandstone,42.65,55.88
W014,Formation-C,1812.8,2743.8,Shale,50.08,69.58
W014,Formation-D,2737.9,3640.0,Limestone,59.66,87.62
W015,Formation-A,0.0,643.1,Sandstone,34.96,36.76
W015,Formation-B,675.6,1308.5,Shale,41.68,44.47
W015,Formation-C,1305.6,1985.2,Limestone,44.44,61.04
W015,Formation-D,1978.0,2634.2,Dolomite,53.0,68.84
W015,Formation-E,2616.8,3280.0,Siltstone,56.53,79.37
W016,Formation-A,0.0,645.3,Shale,29.9,33.63
W016,Formation-B,633.1,1286.9,Limestone,40.48,47.88
W016,Formation-C,1291.6,1903.6,Dolomite,42.78,56.33
W016,Formation-D,1922.0,2557.7,Siltstone,49.12,69.89
W016,Formation-E,2544.7,3200.0,Sandstone,56.43,82.47
W017,Formation-A,0.0,1195.5,Limestone,37.22,45.02
W017,Formation-B,1170.9,2394.5,Dolomite,45.46,60.48
W017,Formation-C,2387.5,3580.4,Siltstone,57.0,84.23
W017,Formation-D,3573.6,4750.0,Sandstone,70.09,104.27
W018,Formation-A,0.0,1170.5,Dolomite,36.58,43.75
W018,Formation-B,1174.8,2364.7,Siltstone,50.64,66.51
W018,Formation-C,2383.3,3588.5,Sandstone,55.61,82.47
W018,Formation-D,3584.7,4760.0,Shale,68.6,107.87
W019,Formation-A,0.0,754.2,Siltstone,34.46,38.32
W019,Formation-B,757.2,1511.8,Sandstone,45.16,47.4
W019,Formation-C,1507.4,2272.0,Shale,51.69,60.2
W019,Formation-D,2247.1,2995.5,Limestone,49.21,73.35
W019,Formation-E,3011.3,3760.0,Dolomite,60.64,93.55
W020,Formation-A,0.0,979.9,Sandstone,37.81,45.09
W020,Formation-B,969.2,1962.3,Shale,44.53,56.51
W020,Formation-C,1957.4,2937.0,Limestone,53.56,70.64
W020,Formation-D,2912.7,3890.0,Dolomite,61.62,90.97
