well_id,field,latitude,longitude,total_depth,well_type,status
W001,Field-A,23.708941,86.847511,4130,Development,Producing
W002,Field-A,23.683497,86.847765,4480,Development,Producing
W003,Field-A,23.689544,86.840547,3270,Development,Producing
W004,Field-A,23.656096,86.860862,4490,Development,Completed
W005,Field-A,23.703997,86.836176,4890,Development,Producing
W006,Field-B,23.8222,86.970722,3020,Development,Completed
W007,Field-B,23.821712,86.991964,3770,Exploration,Completed
W008,Field-B,23.834025,86.96018,4450,Development,Completed
W009,Field-B,23.81587,86.987008,4890,Development,Completed
W010,Field-B,23.825814,86.954918,4500,Development,Producing
W011,Field-C,23.633292,87.083085,3450,Development,Producing
W012,Field-C,23.624743,87.109552,3790,Development,Completed
W013,Field-C,23.59965,87.08242,3010,Exploration,Completed
W014,Field-C,23.586238,87.055398,3640,Exploration,Producing
W015,Field-C,23.638558,87.096763,3280,Development,Abandoned
W016,Field-D,23.911921,87.15434,3200,Development,Completed
W017,Field-D,23.896801,87.142613,4750,Development,Producing
W018,Field-D,23.908242,87.119683,4760,Exploration,Producing
W019,Field-D,23.906505,87.177685,3760,Exploration,Completed
W020,Field-D,23.888932,87.155992,3890,Exploration,Completed
